TEMP,DO,pH,CONDUCTIVITY,BOD,NITRATE_N_NITRITE_N,FECAL_COLIFORM,TOTAL_COLIFORM,,,,,,,,,,
29.2,6.4,8.1,735,3.4,2,3,73,,,,,,,,,,
24.5,6,8,270,3.1,2,72,182,,,,,,,,,,
25.8,5.5,7.8,355,4.2,9,59,133,,,,,,,,,,
24.8,5.5,7.8,371,5.6,3.55,90,283,,,TEMP,DO ,PH,CONDUCT,BOD,NITRATE,FECAL,TOTAL
25.7,5.7,7.9,294,3.2,2.69,45,132,,MIN ,10.5,0,6.3,39,0.2,0,0,1
25,4.5,7.5,513,12.6,2.3,131,320,,MAX,33.8,16.3,14.7,24062,75.6,45.5,310417,23816667
24.8,5.2,7.7,475,10.3,1.9,122,343,,,,,,,,,,
26.3,5.6,7.7,385,3.8,1,110,292,,,,,,,,,,
26.5,5.2,7.8,410,5.2,1.5,77,218,,,,,,,,,,
26,6.5,7.8,178,2.5,1.99,22,74,,,,,,,,,,
29.2,6.2,7.9,749,3.5,1.75,2,80,,,,,,,,,,
29.5,6.4,8,834,4.7,1.8,2,77,,,,,,,,,,
30.2,6.2,8,925,4.2,6.9,2,82,,,,,,,,,,
26.7,6.5,8,730,4,2.9,2,78,,,,,,,,,,
27.2,7,7.9,637,4.7,6.5,2,80,,,,,,,,,,
29.7,6.4,8,656,3.6,1.8,3,82,,,,,,,,,,
26,6.6,8.1,601,3.2,6.75,2,80,,,,,,,,,,
28,5.5,8.1,826,1.7,1,27,161,,,,,,,,,,
31,6.9,9,526,12,0,130,285,,,,,,,,,,
30,5.7,8.5,575,13,0,240,700,,,,,,,,,,
30.5,3.2,8.8,803,15,0,500,1250,,,,,,,,,,
30.5,6.7,9,531,12.5,0,130,425,,,,,,,,,,
29,4.4,8.5,656,13,0,300,500,,,,,,,,,,
30,6.1,8.4,418,6.5,0,300,500,,,,,,,,,,
29.5,6.6,8.2,421,4,0,280,700,,,,,,,,,,
29.5,4.1,9.1,518,16.5,0,240,900,,,,,,,,,,
20,6,8.1,443,0.3,1,2,640,,,,,,,,,,
20.2,5.6,8,462,0.8,1,3,5280,,,,,,,,,,
19.8,6.1,7.9,666,1.8,0.84,2,1160,,,,,,,,,,
26.6,5.8,6.9,290,1.2,2.4,48,628,,,,,,,,,,
27,6.2,7.7,380,1.2,1.56,NA,170,,,,,,,,,,
26.6,6.1,7.4,480,1.3,1.98,3,432,,,,,,,,,,
26.8,5.9,7,315,1.2,1.29,23,1100,,,,,,,,,,
17.5,8.5,8.1,NA,0.7,0,NA,NA,,,,,,,,,,
16.3,8.8,8.1,NA,0.7,0,NA,NA,,,,,,,,,,
16.7,8.1,8,NA,1,0,NA,NA,,,,,,,,,,
17.3,8.4,8.1,NA,1,0,NA,NA,,,,,,,,,,
17,8.7,8.1,NA,0.9,0,NA,NA,,,,,,,,,,
17,8.2,8,NA,1.1,0,NA,NA,,,,,,,,,,
17.2,8.7,7.7,NA,1.1,0,NA,22,,,,,,,,,,
21,6.9,7.8,NA,5.2,0,NA,908,,,,,,,,,,
24.4,5.4,7.5,NA,5.3,0,NA,1600,,,,,,,,,,
18.7,7.7,7.7,NA,2.1,0,NA,177,,,,,,,,,,
23,9,7.4,242,2.5,0.4,664,1268,,,,,,,,,,
23,8,7.4,310,2.7,0.1,4000,630,,,,,,,,,,
22,8.2,7.5,293,2.6,0.1,370,610,,,,,,,,,,
23,7.8,7.4,320,3.1,0.1,410,630,,,,,,,,,,
23,7.3,7.5,277,1.4,0,400,610,,,,,,,,,,
26.9,7.9,7.9,288,2.9,0.2,2200,4467,,,,,,,,,,
26.9,7.3,7.9,276,3.2,0.3,2978,5078,,,,,,,,,,
27,7.9,8.2,290,3,0.2,2333,4256,,,,,,,,,,
27,7.5,8.2,307,3.4,0.2,2600,4856,,,,,,,,,,
27,6.3,7.7,430,5.5,0.3,15889,54333,,,,,,,,,,
22.1,8,7.8,213,3.7,0.8,5517,8250,,,,,,,,,,
22.1,8.2,7.8,209,3.6,0.8,5158,7967,,,,,,,,,,
24.4,8.7,8.3,385,3.6,1.7,17283,29500,,,,,,,,,,
24.5,8.4,8.3,382,3.9,1.8,18333,31833,,,,,,,,,,
24.4,8.5,8.3,404,4.2,2,19500,32417,,,,,,,,,,
22.4,8.4,7.7,290,2.5,0.4,1567,3078,,,,,,,,,,
23.8,8.4,7.6,299,2.6,0.5,2146,6518,,,,,,,,,,
22.5,8.3,8.2,338,2.9,0,2617,3950,,,,,,,,,,
22.5,7.8,8.5,385,4.5,0,31167,47333,,,,,,,,,,
22.7,7.7,8.5,369,3.9,0,17500,25667,,,,,,,,,,
17,8.6,8,290,1.8,0,70,125,,,,,,,,,,
24.5,8.4,8.1,371,2.5,0,1190,3100,,,,,,,,,,
24.9,8.1,8.1,376,2.7,0,3183,9350,,,,,,,,,,
24.5,8.1,8.1,376,2.3,0,1600,3436,,,,,,,,,,
22.3,8.2,8.1,270,2.2,0,660,2033,,,,,,,,,,
23.8,8.3,8.2,311,2.5,0,1483,3967,,,,,,,,,,
24.7,7.8,7.9,402,2.8,0,6527,19091,,,,,,,,,,
24.9,7.9,8,402,2.7,0,3782,11564,,,,,,,,,,
24.7,7.3,7.7,452,2.5,0,1382,4573,,,,,,,,,,
24.4,8.1,8,386,2.3,0,1846,4982,,,,,,,,,,
24.1,7.8,7.9,277,2.3,0,1251,2770,,,,,,,,,,
24,7.7,7.8,295,2.6,0,2792,9430,,,,,,,,,,
23.9,7.6,7.8,268,2.4,0,1622,4411,,,,,,,,,,
24,7.7,7.8,280,2.5,0,1560,3722,,,,,,,,,,
24.4,7.7,7.8,276,2.6,0,2933,9044,,,,,,,,,,
23.4,7.8,7.9,265,2.7,0,2678,8511,,,,,,,,,,
24.5,8.2,8.1,352,2.5,0,1705,4683,,,,,,,,,,
24.1,8.1,8.1,375,2.4,0,1198,2855,,,,,,,,,,
23.4,7.8,7.9,260,2.2,0,1106,2529,,,,,,,,,,
23.8,7.8,7.9,267,2.3,0,998,2478,,,,,,,,,,
23.9,7.8,7.9,270,2.3,0,1220,2844,,,,,,,,,,
23.9,7.7,7.9,262,2.4,0,1290,3020,,,,,,,,,,
24.5,8,8,377,2.4,0,1846,5073,,,,,,,,,,
22.5,7.7,7.9,292,2.3,0,1048,2833,,,,,,,,,,
26.5,7.4,7.9,304,4.2,0.8,166358,287833,,,,,,,,,,
27.4,7.4,7.9,353,3.3,0.7,143275,474917,,,,,,,,,,
28.3,6.9,8,312,2.8,0.8,34392,61283,,,,,,,,,,
27,6.7,7.8,315,3.4,0.9,106417,171417,,,,,,,,,,
27.3,6,7.9,323,3.1,0.7,153917,335000,,,,,,,,,,
26.5,6.7,8,319,4.2,0.7,285833,586250,,,,,,,,,,
26.5,6.3,8,314,3.6,0.7,122417,286083,,,,,,,,,,
26.4,6.1,8.1,322,3.2,0.7,310417,542917,,,,,,,,,,
27.1,6.3,8.1,368,3.4,0.6,31417,78083,,,,,,,,,,
26.4,6.9,8,1900,3.7,0.8,41750,88917,,,,,,,,,,
22.3,7.2,7.1,216,1.5,1.4,146,5525,,,,,,,,,,
21.8,7.7,7.2,256,1.4,1.5,2128,45100,,,,,,,,,,
25.1,6.9,7,273,1.5,2.5,585,26322,,,,,,,,,,
24.3,7.5,7,298,1.3,1.7,12418,93005,,,,,,,,,,
25.4,7.9,7.2,236,1.4,2.3,5449,134042,,,,,,,,,,
27.7,6,7.3,295,1.1,1.9,444,8382,,,,,,,,,,
27,8.1,7.6,210,0.9,1.2,3388,123400,,,,,,,,,,
25.8,7.3,7.1,168,1.6,0.4,1653,61303,,,,,,,,,,
27.3,7.1,7.2,289,1.6,1.4,1208,8725,,,,,,,,,,
28.2,5.1,7,253,1.5,1.4,2990,180228,,,,,,,,,,
23.1,6.8,8.1,160,3.1,2.9,15,387,,,,,,,,,,
24.1,6.8,7.4,449,2.9,1.7,NA,80,,,,,,,,,,
23.8,6,8.2,262,5.1,1.8,149,1357,,,,,,,,,,
25,6.7,7.6,441,2.9,1.5,2,80,,,,,,,,,,
23.7,7,7.5,711,3,1.4,NA,90,,,,,,,,,,
24,7,7.5,400,2.8,1.2,4,110,,,,,,,,,,
20.8,6.1,8.4,551,5.6,2.3,183,1377,,,,,,,,,,
22,6.2,8.3,458,4.6,2.3,191,1481,,,,,,,,,,
22.7,6.1,8.2,413,5.5,1.8,171,1257,,,,,,,,,,
29,7.5,8,685,2.1,2.3,780,1390,,,,,,,,,,
28,7.5,8,808,1.8,2.1,890,1460,,,,,,,,,,
29.3,5.9,8.3,521,1.5,0.4,518,1110,,,,,,,,,,
29.4,7.2,8.3,916,1.9,0.2,792,1483,,,,,,,,,,
29.5,7.1,8.2,718,1.9,0.2,538,1100,,,,,,,,,,
29.2,6.2,8.3,513,1.4,0.5,678,1250,,,,,,,,,,
17.6,5.3,8.1,874,10.5,0,NA,NA,,,,,,,,,,
26,6.7,8.1,791,2.6,2,28,611,,,,,,,,,,
17.2,5.6,8.1,870,9.5,0,NA,NA,,,,,,,,,,
28.4,5.7,8.7,1072,1.6,1.2,11,122,,,,,,,,,,
24.9,6.8,7.9,726,0.9,0.6,2,1875,,,,,,,,,,
27.6,7,7.8,669,0.6,0.4,2,1613,,,,,,,,,,
25.8,7.2,8,669,0.7,0.7,2,1750,,,,,,,,,,
28.4,6.8,8.2,818,2.9,2,36,860,,,,,,,,,,
26,5.5,7.6,14804,0.7,0.7,2,1450,,,,,,,,,,
19.7,6.5,8.2,NA,1.1,0,7900,35000,,,,,,,,,,
18.7,7.7,8.2,NA,1.3,0,1100,6509,,,,,,,,,,
22.3,7.7,7.5,465,1.2,0.2,9,19,,,,,,,,,,
23.7,7.5,7.8,331,1.5,0.2,11,21,,,,,,,,,,
NA,9.3,7.6,NA,2.4,NA,NA,10003,,,,,,,,,,
NA,1.2,7.5,NA,17.2,9,NA,12010833,,,,,,,,,,
NA,1.4,7.6,NA,17.3,9.2,NA,23816667,,,,,,,,,,
25,4,7.7,196,8.3,0,43546,73727,,,,,,,,,,
25,3.7,7.5,273,9.2,0,53546,117273,,,,,,,,,,
25.3,4.5,7.5,281,7,0,34818,65000,,,,,,,,,,
24.8,8.1,8.2,522,2.4,1.8,2875,5975,,,,,,,,,,
NA,1.4,7.5,NA,38.2,NA,NA,18580000,,,,,,,,,,
27.4,5.4,7.7,394,1,0.1,913,3600,,,,,,,,,,
27.7,5.8,7.7,298,1,0.1,1073,3533,,,,,,,,,,
28.7,7.1,7.9,416,3,1.3,NA,1600,,,,,,,,,,
26.7,6.3,8.2,573,2.9,0.6,716,2950,,,,,,,,,,
27,6.9,7.3,1560,7.3,9.1,56,788,,,,,,,,,,
29.4,6.6,7.7,1049,4.3,1.3,46,1012,,,,,,,,,,
26.1,4.4,7.8,467,3.8,0.5,1099,4550,,,,,,,,,,
26.2,5.7,7.9,370,2.2,0.4,430,1744,,,,,,,,,,
26.9,6.7,7.7,78,0.4,0.8,58,96,,,,,,,,,,
25.3,7.2,7.5,219,1.1,0.3,353,1478,,,,,,,,,,
25.8,7.2,7.9,299,1.4,0.3,310,1357,,,,,,,,,,
25.7,7.2,7.9,266,1.3,0.3,308,1345,,,,,,,,,,
25.7,5.5,7.7,282,2.3,0.3,647,2717,,,,,,,,,,
24.7,7.4,7.7,138,0.7,0.2,197,408,,,,,,,,,,
24.4,8.1,7.7,108,0.7,0.3,11667,37848,,,,,,,,,,
24.6,7.5,7.7,207,1.1,0.3,6613,20942,,,,,,,,,,
26.8,7.2,7.9,161,1.9,0.2,15109,32509,,,,,,,,,,
27.3,6.3,8.1,555,1.5,0.4,15578,35738,,,,,,,,,,
27.4,7.2,7.9,304,1.8,0.3,18158,42583,,,,,,,,,,
26.8,5.9,8.1,442,0.9,0.2,12432,24552,,,,,,,,,,
27.2,6.4,8.1,481,0.9,0.2,22473,44153,,,,,,,,,,
13.2,8.9,7.1,133,0.3,0.3,5,9,,,,,,,,,,
17.2,7.9,7.5,295,0.6,1.5,6,22,,,,,,,,,,
23.3,7.7,7.7,302,1.1,0.3,11,20,,,,,,,,,,
23.9,7.5,7.7,348,1.4,0.3,9,20,,,,,,,,,,
17.4,7.9,7.3,242,0.7,1.5,5,17,,,,,,,,,,
21.9,8.1,7.6,508,1.1,0.4,8,17,,,,,,,,,,
22.8,7.9,7.6,467,1.4,0.3,8,17,,,,,,,,,,
10.5,9.3,6.9,82,0.2,0.3,4,8,,,,,,,,,,
11.2,9.3,6.9,86,0.3,0.4,2,8,,,,,,,,,,
12.6,9,7,163,0.3,0.3,3,9,,,,,,,,,,
23.6,NA,7.5,706,49.1,6.8,81125,140500,,,,,,,,,,
24.3,1.1,7.4,1499,75.6,0.6,174167,250000,,,,,,,,,,
20.1,0.8,7.4,586,24,0,5692,8150,,,,,,,,,,
26.8,6.4,7.6,576,2.8,2,20,211,,,,,,,,,,
25.9,7.5,7.8,361,0.6,0,NA,2,,,,,,,,,,
26.9,7.4,8.3,371,0.7,0,NA,3,,,,,,,,,,
27.5,6.7,8.5,218,3,0,3150,13310,,,,,,,,,,
24,7.1,8.1,386,3.2,0,3580,15300,,,,,,,,,,
26.2,7.3,7.9,515,NA,1,NA,262,,,,,,,,,,
26.7,1.5,8.2,6485,NA,5.4,NA,1600,,,,,,,,,,
26.2,5.6,7.8,317,0.8,0.6,4,5,,,,,,,,,,
27,7.2,7.9,338,1.9,1.2,NA,236,,,,,,,,,,
27.8,6,7.9,301,0.8,0.4,4,5,,,,,,,,,,
26.6,5.9,8.4,546,2,0.6,13,642,,,,,,,,,,
24.7,5.3,8.2,608,1.3,0.7,4,14,,,,,,,,,,
24.6,8.2,7.5,696,2,0.9,NA,NA,,,,,,,,,,
25.5,7.2,7.5,599,2.1,0,NA,NA,,,,,,,,,,
26.3,6.7,7.5,608,2.1,0,NA,NA,,,,,,,,,,
25.8,5.2,8.2,556,1,0.6,4,10,,,,,,,,,,
25.4,7.2,7.7,1165,2.6,1.7,NA,NA,,,,,,,,,,
28,0,7.3,1507,40,45.5,41,1600,,,,,,,,,,
27,6.9,8,974,NA,1.6,NA,1600,,,,,,,,,,
26.8,7,7.8,854,NA,1.9,NA,1600,,,,,,,,,,
26.8,6.5,7.9,952,NA,1.9,NA,1600,,,,,,,,,,
25.6,5.4,8,489,0.9,0.6,4,7,,,,,,,,,,
26.1,5.2,8.3,587,0.9,0.5,4,6,,,,,,,,,,
24.4,8.1,7.5,708,1.8,0.8,NA,NA,,,,,,,,,,
26.3,5.4,7.6,607,5.2,3.3,48,633,,,,,,,,,,
23,8.4,7.5,811,2.1,0.9,NA,NA,,,,,,,,,,
26.8,7.6,8,345,0.6,0,NA,1,,,,,,,,,,
26.8,6.6,7.8,865,3.9,1.8,NA,315,,,,,,,,,,
23.9,6.2,7.7,404,1.2,0.5,4,6,,,,,,,,,,
28,5.7,8.1,388,0.8,0.6,NA,4,,,,,,,,,,
23.2,2.4,8.2,1596,7.3,0.9,13,883,,,,,,,,,,
25.8,5.7,8,306,0.8,0.5,NA,5,,,,,,,,,,
25.9,5.6,8,265,0.9,0.5,4,6,,,,,,,,,,
20.8,7.5,7.4,86,2,0.5,2833,6700,,,,,,,,,,
24.8,6.5,7.3,195,1.7,0.8,1258,1530,,,,,,,,,,
25.7,7.1,7.1,287,1.3,1.4,423,2320,,,,,,,,,,
24.3,8.1,6.7,58,1.3,0.4,318,4598,,,,,,,,,,
24,7.7,6.6,177,1.3,1.6,875,29558,,,,,,,,,,
25,7.7,6.9,157,1.2,1.3,465,11818,,,,,,,,,,
25.5,7.3,6.5,138,1.7,0.6,175,615,,,,,,,,,,
26.9,5.8,7.1,220,1.3,1.6,228,1133,,,,,,,,,,
29,5.3,6.8,132,2.3,0.8,1280,62780,,,,,,,,,,
17.5,6.2,6.8,138,1.6,1.3,1255,2975,,,,,,,,,,
15.1,6.3,6.8,136,1,1.4,6048,31975,,,,,,,,,,
13.3,4.9,6.8,177,1.7,1.8,638,6740,,,,,,,,,,
27.3,6.7,7.4,166,3,0.3,169867,344500,,,,,,,,,,
28.8,7.6,7.6,141,2.4,0.3,4708,15667,,,,,,,,,,
23,7.7,7,355,0.8,1.4,1530,5628,,,,,,,,,,
23.4,3,7.6,NA,33.2,0,NA,1600,,,,,,,,,,
15.1,7.7,7.6,229,1.4,0,NA,NA,,,,,,,,,,
22.6,2.8,7.1,378,18.4,0,NA,NA,,,,,,,,,,
23.6,0.8,6.8,550,37.5,0,NA,NA,,,,,,,,,,
23.3,2.4,7.2,706,35.7,0,NA,NA,,,,,,,,,,
23.7,1.8,7.3,801,30.4,0,NA,NA,,,,,,,,,,
22.3,7.9,7.1,386,6.4,0,NA,NA,,,,,,,,,,
26.9,6.9,8,391,4.1,0.3,2800,5256,,,,,,,,,,
22.8,NA,7.5,1859,72.1,7.3,243500,232500,,,,,,,,,,
26.9,6.2,7.9,316,5.1,0.3,2956,5056,,,,,,,,,,
22.9,8,8,305,2.6,0,4942,5758,,,,,,,,,,
23.3,3.3,8.4,508,36.5,0,137417,224167,,,,,,,,,,
26.8,7.3,13.2,237,3.7,0.1,2164,4427,,,,,,,,,,
23,7.8,8.2,298,2.9,0,6300,10192,,,,,,,,,,
25.8,8.7,8.1,392,2.7,1.3,631,1879,,,,,,,,,,
25.9,8,8,454,3.3,1.6,2120,3900,,,,,,,,,,
25,2.6,7.6,568,9.5,4,82800,118300,,,,,,,,,,
22.7,7.7,8.2,323,3.3,0,11083,16333,,,,,,,,,,
22.9,7.8,8.1,306,3,0,6917,11283,,,,,,,,,,
20.8,7.5,8,478,3.4,0.4,593,1175,,,,,,,,,,
21,7.1,8.1,438,2.8,0.3,232,494,,,,,,,,,,
20.3,9.2,7.7,187,2.7,0.7,4525,7258,,,,,,,,,,
23,7.7,8.1,488,2.9,0.3,203,455,,,,,,,,,,
21.6,7.5,8.1,529,3.4,0.4,583,1177,,,,,,,,,,
23.2,8.6,8.2,260,2.2,0,1115,2433,,,,,,,,,,
24.5,7.6,8.1,286,2.4,0.6,1287,2367,,,,,,,,,,
24.5,7.9,8.1,281,2.3,0.6,1525,2633,,,,,,,,,,
22.6,8.1,8.1,232,1.9,0,697,1533,,,,,,,,,,
19,8.2,7.6,250,2.1,0,710,1567,,,,,,,,,,
23,8.3,8,252,2.2,0,483,1580,,,,,,,,,,
23.2,7.7,7.8,298,2.2,0,848,2167,,,,,,,,,,
22.3,8.6,8.1,238,2,0,581,1557,,,,,,,,,,
23,8.4,8.1,247,1.8,0,527,1305,,,,,,,,,,
23.2,7.9,8,302,2.1,0,897,2317,,,,,,,,,,
23.1,16.3,8.1,269,2,0,769,1655,,,,,,,,,,
23.8,8,7.4,346,2,0,532,1180,,,,,,,,,,
22.4,6.5,7.5,319,3.5,0,1900,5025,,,,,,,,,,
23.3,4.2,7.3,418,7.1,0,2460,7640,,,,,,,,,,
25.6,4.3,7.1,450,30,0,1690,6333,,,,,,,,,,
23.3,8,8,290,2.4,0,1350,3250,,,,,,,,,,
24.1,4.4,7.2,370,4.7,0,1700,4450,,,,,,,,,,
22.1,8.1,8.1,228,1.8,0,721,1257,,,,,,,,,,
18.5,8.6,8.1,338,2.1,0,500,950,,,,,,,,,,
23,7.9,7.8,319,2.2,0,740,1840,,,,,,,,,,
18,8.8,8.2,340,2,0,500,900,,,,,,,,,,
22.3,5.6,7.4,330,3.5,0,2000,5560,,,,,,,,,,
24.8,7,7.4,184,2,0,670,1989,,,,,,,,,,
23.5,7.1,7.6,211,2,0,900,2175,,,,,,,,,,
24.2,7.1,7.4,215,2.1,0,738,1880,,,,,,,,,,
23.7,7.8,7.8,326,2.4,0,1500,2983,,,,,,,,,,
20.9,5.4,7.5,404,3.3,0,1900,5883,,,,,,,,,,
23.7,7.7,7.8,333,2.3,0,1200,2650,,,,,,,,,,
25.2,4.5,7.2,289,5.3,0,1182,3033,,,,,,,,,,
18.5,7.3,7.8,288,2.8,0,1400,4000,,,,,,,,,,
23.3,7,7.4,251,2.5,0,1343,3157,,,,,,,,,,
25.6,2.1,6.9,461,8.6,0,3867,14367,,,,,,,,,,
23.5,7.2,7.6,299,2.2,0,1045,2750,,,,,,,,,,
27.8,2.1,7.2,457,11,0,5000,16000,,,,,,,,,,
24.5,8,7.9,276,1.7,0,743,2333,,,,,,,,,,
22.6,8.4,7.9,306,2,0,596,1400,,,,,,,,,,
25.6,6.9,7.9,482,1.5,2.8,NA,144,,,,,,,,,,
22.3,7.9,7.8,300,2.2,0,827,2467,,,,,,,,,,
21,8,7.9,289,2.1,0,600,1650,,,,,,,,,,
27.8,2.1,7.3,432,9.7,0,2850,12550,,,,,,,,,,
22.7,5.8,7.2,640,6,4.3,1450,4073,,,,,,,,,,
19,4.8,7.6,1090,22,3.6,30500,52500,,,,,,,,,,
23,5.5,7.3,705,10,5,2020,5433,,,,,,,,,,
24,5.1,7.4,1375,23.7,5.9,27333,50333,,,,,,,,,,
24.7,5.5,7.4,745,10,6.1,12167,29333,,,,,,,,,,
25,5,7.6,975,16.3,6.1,11167,21667,,,,,,,,,,
22,4.9,7.7,1385,27.5,7.7,42500,72000,,,,,,,,,,
24.3,5,7.3,1067,19.3,6.2,21467,39533,,,,,,,,,,
23.3,5.3,7.2,970,13.3,5.9,3167,7133,,,,,,,,,,
19.5,4.9,7.7,1418,21,4.2,28000,49500,,,,,,,,,,
21.5,4.1,7.5,1015,23,6.1,35000,57500,,,,,,,,,,
20,4.8,7.4,854,17,4.7,20500,38000,,,,,,,,,,
32.6,4,6.8,370,3,0.8,4,9,,,,,,,,,,
23.6,7.8,7.8,376,1.3,0.4,9,17,,,,,,,,,,
23.9,7.7,7.7,354,1.3,0.3,12,22,,,,,,,,,,
24.5,7.6,7.9,344,1.6,0.4,12,22,,,,,,,,,,
18.1,4.4,7.1,694,41,1.2,92,224,,,,,,,,,,
25.1,5.9,8,401,0.9,0.7,4,15,,,,,,,,,,
22.3,6,7.2,106,0.8,0.4,4,15,,,,,,,,,,
23.7,5.6,7.9,326,1.1,0.8,4,4,,,,,,,,,,
23.9,6.2,8.1,592,1,0.7,4,6,,,,,,,,,,
25.1,6.6,7.8,95,4.9,0.2,16,36,,,,,,,,,,
29.6,6.9,7.9,99,5,0.4,15,34,,,,,,,,,,
27.4,6.8,7.7,85,5.2,0.3,11,23,,,,,,,,,,
27.8,6.7,7.8,80,4.9,0.3,12,29,,,,,,,,,,
30.6,5.1,7.3,3937,10.3,1.8,31,83,,,,,,,,,,
25,5.6,7.9,468,3.6,1.9,66,164,,,,,,,,,,
25,6.4,7.6,541,5.7,0.6,23,45,,,,,,,,,,
25,5.5,7.4,6166,7.7,1.1,44,67,,,,,,,,,,
25.3,5.3,7.7,24062,9.9,1.2,156,304,,,,,,,,,,
25.1,6.7,7.6,83,4.8,0.2,28,76,,,,,,,,,,
26.1,3.6,7.4,4424,31.3,2.2,276,474,,,,,,,,,,
21.4,7.2,7.7,226,3.1,0.8,NA,130,,,,,,,,,,
27.4,5.9,7.4,268,6.4,0.4,37,68,,,,,,,,,,
27.1,5.4,7.5,2413,7.4,1.5,59,116,,,,,,,,,,
27.2,5.8,7.3,384,5.4,0.6,37,78,,,,,,,,,,
27.3,5.9,7.4,269,5.1,1.2,34,60,,,,,,,,,,
27,6,7.3,269,8.5,0.4,32,58,,,,,,,,,,
27.2,6.1,7.3,196,6.1,0.5,30,63,,,,,,,,,,
27,5.9,7.4,269,6.4,0.4,19,47,,,,,,,,,,
22.6,6.3,7.8,223,4.6,0.9,15,32,,,,,,,,,,
28.4,6.7,7.3,9293,3.5,1.8,NA,NA,,,,,,,,,,
28,6.8,7.2,170,3.1,1.4,NA,NA,,,,,,,,,,
27.6,6.8,7.3,4175,3.3,1.6,NA,NA,,,,,,,,,,
27.9,6.9,7.3,4282,3.3,1.6,NA,NA,,,,,,,,,,
28.1,6.9,7.3,5551,3.4,1.7,NA,NA,,,,,,,,,,
27.1,6.8,7.9,5390,4.9,0.8,15,28,,,,,,,,,,
27.6,6.6,8.1,161,4.6,0.3,16,32,,,,,,,,,,
27.3,6.7,8,138,5,0.3,14,33,,,,,,,,,,
27.8,6.7,7.8,81,4.9,0.3,14,35,,,,,,,,,,
28,5.9,7.7,194,5.5,0.6,22,51,,,,,,,,,,
28.1,6.3,7.6,186,4.6,0.6,13,31,,,,,,,,,,
28.6,6.6,7.6,207,4.7,0.7,12,31,,,,,,,,,,
26.9,6.8,7.7,85,5,0.4,15,34,,,,,,,,,,
23,7.1,7.4,176,2.7,0.9,NA,30,,,,,,,,,,
23,7,7.4,178,2.7,0.9,NA,40,,,,,,,,,,
23,7.2,7.2,180,2.7,1,NA,70,,,,,,,,,,
23.8,6.8,7.4,388,2.9,1.5,NA,70,,,,,,,,,,
24.6,6.4,7.3,467,3,1.3,NA,70,,,,,,,,,,
24,7,7.3,360,2.9,1.1,NA,90,,,,,,,,,,
24.4,6.7,7.5,390,2.9,1.3,NA,140,,,,,,,,,,
26.3,3.7,7.9,453,7.5,2.2,202,1468,,,,,,,,,,
24.4,5.8,8.1,523,5.7,2.1,164,1529,,,,,,,,,,
28.5,5.9,7.9,524,11.1,3,52,609,,,,,,,,,,
27.1,3.3,7.7,424,13.7,3.1,386,1800,,,,,,,,,,
27.3,5.3,8,720,7.2,2.9,209,1700,,,,,,,,,,
27.5,5.4,8,755,7.2,3.2,187,1675,,,,,,,,,,
29.5,6.4,8.2,991,5.3,2,251,1425,,,,,,,,,,
29.1,6.2,8.2,1010,5.1,2.3,164,1529,,,,,,,,,,
27.3,6.8,8.4,949,3.8,0.3,1483,1600,,,,,,,,,,
28.5,6.7,14.7,917,3,0.2,992,1542,,,,,,,,,,
29.6,7.6,8.1,834,2.1,0.2,1183,1600,,,,,,,,,,
29.2,6.4,8.4,874,3,0.3,1033,1483,,,,,,,,,,
29.8,5.7,7.2,189,2,0.2,4953,8391,,,,,,,,,,
29.5,6.3,6.9,179,1.7,0.1,3243,5330,,,,,,,,,,
29.7,5.8,6.9,64,3.8,0.5,5382,8443,,,,,,,,,,
29.5,5.8,7.3,83,1.9,0.4,3428,5500,,,,,,,,,,
30,5.5,7.4,81,1.5,0.1,2853,4049,,,,,,,,,,
29.2,6.1,6.7,308,1.4,0.3,3355,5672,,,,,,,,,,
29.6,6.4,6.7,414,1,0.2,6073,9423,,,,,,,,,,
30,6.4,7.6,305,2.2,0.1,3478,4990,,,,,,,,,,
30.1,6.3,7.6,77,2.3,0.1,2606,4301,,,,,,,,,,
27.8,7.1,7.1,176,1.2,0.1,4573,7817,,,,,,,,,,
27.9,6.7,6.4,93,1.4,0.1,2147,3433,,,,,,,,,,
29.3,7.4,6.8,121,1.7,0.4,11633,18125,,,,,,,,,,
29.2,6.9,7,620,1.1,0.1,3500,6300,,,,,,,,,,
30,6,7.5,72,1.6,0.2,4995,9517,,,,,,,,,,
29,7.3,7,247,1.5,0.2,1095,2453,,,,,,,,,,
29.1,7.3,7,188,1,0.1,1286,3048,,,,,,,,,,
28.7,7,6.9,224,1.2,0.3,3896,6742,,,,,,,,,,
28.7,7.3,6.7,144,1.5,0.1,1940,3052,,,,,,,,,,
29.5,5.3,6.8,319,1.8,0.3,6458,10250,,,,,,,,,,
29,6.3,6.4,79,1.6,1.4,7592,12842,,,,,,,,,,
29.4,5.4,7.6,39,1.4,0.1,3176,6367,,,,,,,,,,
28.3,2.2,6.5,322,4.7,1.2,11210,14920,,,,,,,,,,
30.1,5.2,7.1,192,2.6,0.3,5073,8925,,,,,,,,,,
30.3,5.6,7.5,282,1.8,0.1,3205,5082,,,,,,,,,,
30.5,5.5,7.4,275,1.5,0.1,4698,8625,,,,,,,,,,
29.1,7.3,6.7,55,1.4,0.1,2638,4003,,,,,,,,,,
30.1,6.5,7.5,415,2,0.1,864,1538,,,,,,,,,,
29.2,7.2,6.3,100,1.5,0.1,7942,13575,,,,,,,,,,
24.5,7.6,7.5,NA,1.4,0,NA,5,,,,,,,,,,
25,7.4,7.5,NA,1.7,0,NA,9,,,,,,,,,,
26.3,6.6,7.9,1610,4.7,0.4,2,107,,,,,,,,,,
29.1,5.8,8.2,498,1.3,2,13,102,,,,,,,,,,
29.6,5.2,8.2,555,1.6,2.9,19,158,,,,,,,,,,
28.5,6.3,8.4,451,0.8,0.9,9,90,,,,,,,,,,
28.3,6.6,8.4,427,1,1,9,82,,,,,,,,,,
27.9,7,7.8,543,2.3,1.3,786,1400,,,,,,,,,,
17.4,5.1,7.9,400,10.9,0,NA,NA,,,,,,,,,,
27,6,8.3,430,8,0,NA,NA,,,,,,,,,,
26.1,5.1,8.1,369,11.3,1.1,140,220,,,,,,,,,,
24.9,6,8.2,403,8.9,1,90,130,,,,,,,,,,
23.9,6.2,8.2,458,8.9,2.2,110,140,,,,,,,,,,
23.4,5.1,8.2,577,10.7,2.3,110,140,,,,,,,,,,
24.4,5.4,8.1,678,10.6,2.7,50,80,,,,,,,,,,
23.7,5.7,8.2,498,8.9,2.1,40,70,,,,,,,,,,
22.7,7.4,7.4,450,2.2,0.4,39,67,,,,,,,,,,
21.4,7.3,8,386,2.3,1,15,95,,,,,,,,,,
23,7.7,8.1,292,1.5,4.8,0,36,,,,,,,,,,
33.3,4.8,8.3,482,10.8,6,170,277,,,,,,,,,,
28.1,5.9,8.1,341,9.1,1.2,82,132,,,,,,,,,,
27.3,5.3,8.2,273,9.6,1.7,98,180,,,,,,,,,,
25.1,6.2,8.2,393,9.1,2.4,110,170,,,,,,,,,,
24.3,5.3,8.2,388,10.6,1.2,140,240,,,,,,,,,,
24.1,5.7,8.2,366,8.6,0.9,170,280,,,,,,,,,,
24.1,5.5,8.2,607,10.4,2.9,114,193,,,,,,,,,,
23.7,7.4,7.7,403,2.1,0.3,39,127,,,,,,,,,,
33.8,4.8,8.2,477,10.5,6.7,131,221,,,,,,,,,,
24.4,5.5,8.2,534,10.1,2.7,103,157,,,,,,,,,,
24.9,5.1,8.2,523,11.1,2.7,140,222,,,,,,,,,,
26.3,4.7,8.4,940,15.1,11.5,183,273,,,,,,,,,,
23.2,4.2,8.4,685,13,8.4,363,420,,,,,,,,,,
31.6,5.1,8.3,435,9.7,2.5,152,231,,,,,,,,,,
21.6,6.9,7.5,469,0.8,0.5,2,1100,,,,,,,,,,
21,7.6,7.6,207,NA,0,2,400,,,,,,,,,,
27.6,6.5,7.7,1127,5.7,0.3,3,108,,,,,,,,,,
22.1,5.2,7.9,306,4.5,2.2,47,136,,,,,,,,,,
21.6,4.7,7.9,262,3.4,1.2,33,106,,,,,,,,,,
21.9,5.5,8,247,3.7,1.1,39,104,,,,,,,,,,
22.7,5.4,8.1,244,3.6,1,44,117,,,,,,,,,,
21.3,4.9,7.9,272,3.4,0.6,59,155,,,,,,,,,,
25,5.8,8.3,506,8.5,2.6,14,34,,,,,,,,,,
24.6,5.1,8.3,534,9.5,3.2,26,50,,,,,,,,,,
25.3,4.9,8.4,966,12.8,11.7,133,247,,,,,,,,,,
31.2,5.2,8.3,432,9.8,2.3,113,186,,,,,,,,,,
31.1,4.7,8.2,432,11.2,2.3,150,246,,,,,,,,,,
28.9,7,8,736,1.5,4.9,700,1250,,,,,,,,,,
27.5,7.1,7.9,447,1.5,1,558,1040,,,,,,,,,,
27.5,6.8,7.4,237,4.5,0.2,796,1460,,,,,,,,,,
28.5,6.6,7.7,371,1.2,0.6,620,1080,,,,,,,,,,
28.5,6.9,8,1004,3.3,2.1,740,1390,,,,,,,,,,
27,7.1,7.9,1017,4,1.5,732,1350,,,,,,,,,,
25.8,7.2,7.9,286,2.4,0.1,71,157,,,,,,,,,,
26.1,7,8,415,2.9,0.3,93,191,,,,,,,,,,
29.9,7.2,7.9,613,1.9,0.2,927,1542,,,,,,,,,,
27,6.5,7.9,536,6,0.4,179,386,,,,,,,,,,
26.9,6.5,7.9,398,4,0.2,143,288,,,,,,,,,,
26.5,6.7,8,383,3.6,0.2,129,279,,,,,,,,,,
29.8,7.2,8.1,448,1.9,0.2,808,1425,,,,,,,,,,
26.1,7.2,7.9,313,2.7,0.1,69,152,,,,,,,,,,
26.2,7.2,7.9,290,2.9,0.1,55,133,,,,,,,,,,
27.7,7.1,8.1,956,2.2,2.5,18,544,,,,,,,,,,
27,6.9,8.2,999,3,3.1,23,620,,,,,,,,,,
27.6,6,7.8,166,3.5,0.2,273,734,,,,,,,,,,
28.5,6.4,8,219,3.3,0.3,150,291,,,,,,,,,,
21.8,5.5,13.7,223,1,0.1,718,2946,,,,,,,,,,
29.5,5.8,7.7,245,4.2,0.2,867,1542,,,,,,,,,,
28.8,6,7.8,226,3.3,0.2,145,302,,,,,,,,,,
29.6,6.5,8,154,2,0.2,58,130,,,,,,,,,,
21.5,5.5,7.4,185,1,0.1,532,2064,,,,,,,,,,
17,6,8,416,4.3,0,NA,NA,,,,,,,,,,
17,0,7.4,1408,59,0,NA,NA,,,,,,,,,,
17.2,0.2,7.5,1255,69,0,NA,NA,,,,,,,,,,
28.6,5.4,8.2,1062,2.1,2.6,21,67,,,,,,,,,,
25.5,6.9,8,838,0.9,0.6,2,1450,,,,,,,,,,
24,6.6,8.3,905,0.7,0.5,2,1400,,,,,,,,,,
29.1,6.9,8.3,596,2.6,0.3,842,1425,,,,,,,,,,
29,6.8,8.4,575,2.6,0.4,696,1483,,,,,,,,,,
28.3,4.8,7.9,1868,5.6,10.3,21,181,,,,,,,,,,
27,6.8,7.8,648,3.6,5,14,554,,,,,,,,,,
27.3,7,8.1,734,1.3,0.9,820,1460,,,,,,,,,,
31.6,7.3,7.2,46,1.2,1.23,108,413,,,,,,,,,,
30.8,7.1,6.7,48,1.4,0.26,7453,12640,,,,,,,,,,
30.2,7.4,6.9,80,0.8,0,160,329,,,,,,,,,,
29.7,4.1,6.7,141,2,1,4428,7894,,,,,,,,,,
29.1,2.7,6.4,137,2.2,0.77,3207,4719,,,,,,,,,,
31.6,5.9,6.6,110,2.7,1,1666,12638,,,,,,,,,,
30.3,1.3,6.6,350,2.9,0,18857,32714,,,,,,,,,,
31.6,4.9,6.5,148,2.8,1.05,2864,4218,,,,,,,,,,
26.7,7.15,7.8,1371,14,0,NA,NA,,,,,,,,,,
27.6,6.5,8.6,649,21.8,4,5064,2487,,,,,,,,,,
29.5,7.03,8.1,320,29.5,3.23,783,12400,,,,,,,,,,
28,7.8,8,2225,5.5,2,2568,2448,,,,,,,,,,
29.3,6.4,8,23125,4.8,2,4500,178,,,,,,,,,,
27.8,7.2,7.7,1448,16.3,6,NA,664,,,,,,,,,,
25,7.3,8.5,169,1,1,NA,NA,,,,,,,,,,
26,7.1,8.5,2440,1,1,NA,NA,,,,,,,,,,
28,5.5,8.4,NA,1,0,NA,NA,,,,,,,,,,
28.3,6.8,8,1870,13,1,4,29,,,,,,,,,,
28.5,7.1,7.5,2100,21,1,4,95,,,,,,,,,,
29,5.7,7.6,2980,11,6.78,NA,NA,,,,,,,,,,
NA,4.2,8.7,NA,0.3,0,NA,NA,,,,,,,,,,
27,3.2,8.4,NA,1,0,NA,NA,,,,,,,,,,
26,3.4,8.4,NA,1,0,NA,NA,,,,,,,,,,
25.3,4.7,7.8,NA,21,0,NA,250,,,,,,,,,,
28.4,3.5,8.1,NA,9.5,0,NA,313,,,,,,,,,,
26,5,7.6,NA,8,0,NA,200,,,,,,,,,,
28,4.4,8,NA,1.7,0,NA,NA,,,,,,,,,,
29,5.9,7.8,1453,7.3,6.45,30,7,,,,,,,,,,
27.8,2.4,8,351,6.6,6.22,24,959,,,,,,,,,,
26,8.3,8.3,270,2.1,3,4,87,,,,,,,,,,
25.7,9.1,8,461,5.5,1.06,7,363,,,,,,,,,,
25,5.8,7.7,872,1.9,12,7,170,,,,,,,,,,
22,7.6,7.5,408,2,1.92,7,55,,,,,,,,,,
22,6.8,7.5,428,2.1,2,13,82,,,,,,,,,,
29.2,7.5,7.4,59,3.1,5,26,364,,,,,,,,,,
27,7.6,7.9,680,6.4,17,8,382,,,,,,,,,,
26.1,8.2,8.3,263,2.3,3,4,97,,,,,,,,,,
26.8,8.2,8.2,277,2.2,2,4,88,,,,,,,,,,
25.4,7.1,8.1,273,2.2,4,4,94,,,,,,,,,,
26.7,7.3,7.9,301,1.8,6.66,3,93,,,,,,,,,,
22.5,4.4,7.7,464,4.4,12,5,260,,,,,,,,,,
22.3,7.3,7.9,502,7.6,2,12,121,,,,,,,,,,
22.5,7.4,7.7,495,5,3,5,200,,,,,,,,,,
22.1,6.9,7.5,448,4.3,2,8,49,,,,,,,,,,
28,6.9,7.4,NA,2.3,6,NA,212,,,,,,,,,,
28.2,6.9,7.3,NA,18.6,1,NA,399,,,,,,,,,,
26.5,6.3,7.2,NA,10.3,1,NA,652,,,,,,,,,,
23.8,5.3,8.2,572,1.5,1,7,65,,,,,,,,,,
23.9,4.6,8.4,1463,3.2,1,16,557,,,,,,,,,,
19.9,4.7,8.2,321,1.5,1,12,242,,,,,,,,,,
24.3,5,8.4,583,1.2,1,4,12,,,,,,,,,,
23.2,8.4,8.3,300,1,2,5,21,,,,,,,,,,
21.7,5.7,8,295,1.1,1,5,9,,,,,,,,,,
26.1,4.5,7.9,483,1.5,1,5,15,,,,,,,,,,
24.4,5,8,314,1.9,2,4,7,,,,,,,,,,
30.3,5.1,7.9,266,0.9,1.08,4,7,,,,,,,,,,
21.3,5,8.6,604,1.2,2.29,4,11,,,,,,,,,,
21.2,4.9,8.6,593,1.1,1,4,7,,,,,,,,,,
23.2,4.4,8.1,538,1.2,1,5,14,,,,,,,,,,
22.9,5.6,8.4,591,1.1,3,4,8,,,,,,,,,,
22.9,5.8,8.5,588,1.2,3,4,6,,,,,,,,,,
28.7,4.1,7.9,1133,2.3,2,7,67,,,,,,,,,,
24.3,3.5,8.9,2004,6.5,1,13,248,,,,,,,,,,
